insert into admin values ('samuraiexx', 'naru10');
insert into aluno values (15416, 'lucbarr', 's3nh4d1f1c1l', 'Luciano Barreira', 2019);
insert into aluno values (15419, 'samuraiexx', 's3nh4f4c1l', 'Natalia', 2019);
insert into aluno values (15420, 'samuraiex2', 's3nh4f4c1l', 'De Castr2', 2019);
insert into aluno values (15421, 'samuraiex3', 's3nh4f4c1l', 'De Castr3', 2019);
insert into aluno values (15422, 'samuraiex4', 's3nh4f4c1l', 'De Castr4', 2019);
insert into aluno values (15423, 'samuraiex5', 's3nh4f4c1l', 'De Castr5', 2019);
insert into aluno values (15424, 'samuraiex6', 's3nh4f4c1l', 'De Castr6', 2019);
insert into aluno values (15425, 'samuraiex7', 's3nh4f4c1l', 'De Castr7', 2019);
insert into aluno values (15426, 'samuraiex8', 's3nh4f4c1l', 'De Castr8', 2019);
insert into aluno values (15427, 'samuraiex9', 's3nh4f4c1l', 'De Castr9', 2019);
insert into aluno values (15428, 'samuraie11', 's3nh4f4c1l', 'De Cast11', 2019);
insert into aluno values (15429, 'samuraie21', 's3nh4f4c1l', 'De Cast21', 2019);
insert into aluno values (15430, 'samuraie31', 's3nh4f4c1l', 'De Cast31', 2019);
insert into nota values (15416, 6, 'BD II', 8.8, 7.0, 10.0);
insert into nota values (15419, 6, 'BD II', 10.0, 10.0, 10.0);
insert into nota values (15420, 6, 'BD II', 1.0, 10.0, 10.0);
insert into nota values (15421, 6, 'BD II', 1.0, 2.0, 10.0);
insert into nota values (15422, 6, 'BD II', 2.0, 6.0, 10.0);
insert into nota values (15423, 6, 'BD II', 3.0, 7.0, 8.0);
insert into nota values (15424, 6, 'BD II', 2.0, 6.0, 1.0);
insert into nota values (15425, 6, 'BD II', 4.0, 5.0, 2.0);
insert into nota values (15426, 6, 'BD II', 5.0, 5.0, 3.0);
insert into nota values (15427, 6, 'BD II', 7.0, 4.0, 4.0);
insert into nota values (15428, 6, 'BD II', 8.0, 3.0, 5.0);
insert into nota values (15429, 6, 'BD II', 9.0, 2.0, 6.0);
insert into nota values (15430, 6, 'BD II', 6.0, 1.0, 8.0);
insert into nota values (15416, 6, 'LAB PROG II', 8.8, 7.0, 10.0);
insert into nota values (15419, 6, 'LAB PROG II', 10.0, 10.0, 10.0);
insert into nota values (15420, 6, 'LAB PROG II', 5.0, 10.0, 10.0);
insert into nota values (15421, 6, 'LAB PROG II', 4.4, 2.0, 6.0);
insert into nota values (15422, 6, 'LAB PROG II', 2.0, 6.0, 9.0);
insert into nota values (15423, 6, 'LAB PROG II', 3.0, 7.0, 8.0);
insert into nota values (15424, 6, 'LAB PROG II', 2.6, 8.0, 8.0);
insert into nota values (15425, 6, 'LAB PROG II', 7.0, 5.0, 7.0);
insert into nota values (15426, 6, 'LAB PROG II', 5.0, 6.0, 7.0);
insert into nota values (15427, 6, 'LAB PROG II', 7.0, 4.0, 4.0);
insert into nota values (15428, 6, 'LAB PROG II', 8.0, 8.0, 5.0);
insert into nota values (15429, 6, 'LAB PROG II', 9.0, 2.0, 6.0);
insert into nota values (15430, 6, 'LAB PROG II', 6.0, 7.2, 8.0);
insert into nota values (15416, 6, 'APS II', 8.8, 7.0, 10.0);
insert into nota values (15419, 6, 'APS II', 10.0, 10.0, 10.0);
insert into nota values (15420, 6, 'APS II', 1.0, 10.0, 10.0);
insert into nota values (15421, 6, 'APS II', 1.0, 8.0, 6.0);
insert into nota values (15422, 6, 'APS II', 2.0, 8.0, 10.0);
insert into nota values (15423, 6, 'APS II', 3.0, 7.0, 8.0);
insert into nota values (15424, 6, 'APS II', 2.0, 6.0, 1.0);
insert into nota values (15425, 6, 'APS II', 4.0, 7.0, 2.0);
insert into nota values (15426, 6, 'APS II', 5.0, 5.5, 3.0);
insert into nota values (15427, 6, 'APS II', 5.0, 4.0, 4.0);
insert into nota values (15428, 6, 'APS II', 8.0, 3.0, 5.0);
insert into nota values (15429, 6, 'APS II', 9.0, 2.5, 6.0);
insert into nota values (15430, 6, 'APS II', 6.0, 1.0, 8.0);
insert into falta values (15416, 6, 30);
insert into falta values (15419, 6, 80);
insert into falta values (15420, 6, 83);
insert into falta values (15421, 6, 52);
insert into falta values (15422, 6, 61);
insert into falta values (15423, 6, 72);
insert into falta values (15424, 6, 80);
insert into falta values (15425, 6, 20);
insert into falta values (15426, 6, 50);
insert into falta values (15427, 6, 30);
insert into falta values (15428, 6, 60);
insert into falta values (15429, 6, 70);
insert into falta values (15430, 6, 90);
